year,temperature,co2_level,gdp,emission
1990,14.328357076505617,353.6523550950633,24716.97779189374,6.507491962478629
1990,14.339224925920025,359.2711883760035,46148.775332168465,7.01853702345658
1990,14.74306919497037,358.27405322836523,30344.969243894142,8.046183753572798
1990,15.584584123174382,361.1999917017464,21202.837811950536,6.997528905863937
1990,15.547507435812715,361.69870656350275,20905.025391125862,8.918042451063023
1990,15.510438957338124,362.5244557959734,26102.352625403822,9.402800496907107
1990,16.38004536509182,363.13966794749564,43049.57284095512,10.955995397304633
1990,16.843762729668274,363.21168640813596,38448.64076031176,11.909974659802032
1990,16.689025536700797,365.10872966402565,43311.10994710396,10.955134138740878
1990,17.04030555849378,365.24682943120354,30924.437498227824,10.555665815394091
1990,16.88859671208755,367.58774308276327,28702.608678468547,11.077194019316066
1990,16.73573183530242,369.28726686386494,22392.89576340324,11.163103627341465
1990,16.936712971085438,370.60937077013216,25966.75722998548,11.308006854153863
1990,16.06007284875654,370.59424344604895,28537.931258288496,13.054221031239791
1990,15.277613932500023,371.2407007849123,21391.608074038428,13.488024047652702
1990,15.076470167879537,374.5514832365638,23738.693329709196,18.169193259464066
1990,14.650054607712324,377.35331761181254,33677.956706881414,15.87516583524126
1991,14.887178274009962,377.1982071222155,39957.96360364552,14.80832620468333
1991,14.513166236249356,379.1968717330739,116082.09320951214,16.59313873297526
1991,13.88701438558171,382.4996459798175,60571.33406606473,14.206798062536135
1991,14.699838770042486,380.96083541757474,35432.03464704309,16.775730215673782
1991,14.66695061979922,383.8475558023346,28203.219649228966,18.26566944674932
1991,14.78071472214318,384.3223082844429,35166.33193669782,17.701432915219314
1991,14.148340629036452,387.26350562162924,43102.28952114639,18.08354441284016
1991,13.956149266773862,387.5369873085442,21889.166967290512,23.64102839679835
1991,14.091610561628794,385.7272231072152,27912.073267545933,23.356166449485386
1991,13.596113772917644,384.2721382314488,47470.19767757045,21.70462902708949
1991,13.863962782090478,386.1683081247716,27263.5575542737,21.70573497544256
1991,13.643643437131077,388.4877531282146,32725.005443150676,22.7512118304775
1991,13.577796562234438,388.47911987800575,33292.58423797609,19.19267893815333
1991,13.35694325611974,391.5563047955605,23058.871069255263,21.191842996283068
1991,14.363082348374208,390.0332646710226,26746.791418233955,17.96280441247323
1991,14.436333736005242,391.70110507372794,26108.504061329524,22.31837566696568
1991,13.98747827152729,391.079072674203,20398.189328220044,23.531115121543554
1992,14.478750727578886,391.5754004585987,20367.337869057956,20.84108363037204
1992,13.948328902593374,393.47019780123156,46729.844182087094,28.76322063481915
1992,14.132760700095753,393.54937107066365,24783.893096450527,28.271182595008447
1992,13.232925638155866,394.580259982204,30949.61890577781,26.408271514598813
1992,12.648832613706649,398.3928456006329,25322.839851198394,25.050667623588243
1992,12.827263231641211,399.03906186158656,62371.940542377844,29.19867936329581
1992,13.276496521638917,402.51044608571686,24502.328273008916,22.448417850676897
1992,13.442180662233902,402.0510323764016,28422.75524627886,29.6934531074549
1992,13.464356521039782,404.9106407322322,50921.696496733886,23.224954681161982
1992,13.393804673245137,409.59377797354796,47671.09806473192,30.97575626441805
1992,12.734543678061424,406.45048897329343,23088.79269035843,25.545435927406988
1992,12.454621573864069,406.65669846235244,44341.138658731914,33.06069106113065
1992,12.304302188384176,409.61084271671353,29192.51219723682,34.53153455651184
1992,12.912863301493633,411.00475194462757,29894.78296330689,25.141185094232938
1992,13.164672446277864,413.54704369137016,22149.05085346854,29.643993484680824
1992,12.363152368596497,414.13907331793854,21260.53463109985,36.85371594265751
1992,12.605194353293895,416.1122528928843,39525.95152177158,30.91309561965566
1993,12.492653213085736,417.60089842210016,30291.41621895275,36.23920015998173
1993,12.234192212932758,421.7364625454198,28613.15756211697,33.328973529116354
1993,12.62003035735319,424.0453042320222,39612.70401972557,31.03586076039567
1993,13.215530118601166,426.5205095561726,41755.32048451078,30.08063560514137
1993,13.761170178159265,427.4967556239277,22595.816461405993,29.169097222510207
1993,13.421561416547947,428.3215431757827,34132.790193752706,36.997650553381455
1993,13.346955228622338,429.25642680014346,22181.52799291812,32.68831513523443
1993,13.592586944324122,431.84533108490007,40877.14831741024,34.962422656192274
1993,14.1603595078853,432.80336212325955,36048.41150923916,34.98652673261818
1993,14.000772388962655,435.18291183705236,67064.49178940486,36.83011008224179
1993,13.987942900630747,441.13371343434324,21071.763612627983,40.42894495158495
1993,13.514775413627733,444.6759628412066,20881.20540237256,42.94152763307605
1993,12.996672101587398,445.823915776871,24973.19440392296,34.56705569899281
1993,13.482935012784496,450.02634362119886,24551.19097034575,40.92572319526604
1993,14.241055027069908,451.0101928751557,24254.928444435907,40.08486626381096
1993,14.285049966279741,448.73394380480005,55507.58711324464,37.327373994853986
1993,14.866816415225752,448.51777118296525,24306.1578284541,43.76029571273989
1994,15.12763442774957,446.5761873409135,24760.777634812923,32.80363699962411
1994,14.885074550447008,447.6731603728309,41369.18380395742,31.869103218626066
1994,15.145772353201215,449.50999713121,28960.461482975858,43.56138769027309
1994,15.9947906364342,454.66287175576053,42489.2959738769,37.759804125978576
1994,16.056877616879223,457.1167265032889,21014.006581428876,44.55489808516039
1994,16.919199444786226,458.47852544567115,30028.90238155605,45.29417152784855
1994,15.689326892741356,461.93733660803815,20512.872874069246,32.866365533336705
1994,16.180278144928966,459.3150659900224,20970.529272659478,46.240060958008094
1994,16.303801679048053,461.5862951062395,55536.87677218226,39.196350595067145
1994,16.23429800381512,464.9280254940134,22249.186985696677,40.46345396601588
1994,16.36017839208287,463.77085300245375,31402.794215933147,43.229016160162054
1994,15.446393934782424,467.8583610888676,27942.37132877842,48.929815195205755
1994,15.416557990863668,470.33535390385646,26400.560833918047,33.99868498406269
1994,15.67511427661954,471.30477807605484,54513.799055132404,41.998569874155436
1994,16.4940612989903,474.3703418082674,20330.975740325022,45.90062982148532
1994,16.314926189853473,480.7117275238762,36350.275712490344,47.61225672115813
1994,15.990679388406882,482.8754600339932,69613.3246920255,47.638801697454724
1995,15.819800866614614,485.1719012065939,32320.44290421278,38.21607946468918
1995,16.357501925465648,486.0531794075134,61427.09679378678,41.82180742641138
1995,16.601877480295492,486.1534906685838,20805.09257443736,43.34571154028367
1995,16.416997378411974,489.6141623016723,28139.73278445944,51.89819647584096
1995,16.75363109496865,489.70199464985456,24519.77519826033,42.481055867326226
1995,16.88216986964267,491.64512712429337,39685.67844609711,41.54708197145972
1995,17.446492364909115,492.4898122307631,79686.14268262524,56.04104628245258
1995,17.17546581797044,495.2477718822559,24446.404213754773,38.5630206009033
1995,17.091634744671556,497.7150960928298,35927.318897450474,58.045822101459535
1995,16.975580668105476,501.5901759813456,23311.526227014194,52.49404194897524
1995,16.323823194039417,502.37014318363606,32497.531132219374,55.89310710398258
1995,16.551883332571705,503.63039331304935,29352.427522584825,45.732542663692485
1995,16.762410968661648,503.4728658814847,73636.11696362172,39.985276233048204
1995,16.84496769698288,504.3842793613325,34067.591420566,55.087342893001974
1995,16.807674130295307,506.93888034742224,26450.35665129366,57.59574993729634
1995,16.1799887592701,510.2528575807129,21817.196653634302,56.458889611389665
1995,16.04966609788742,510.2085269323577,22459.802955821546,43.74479616066544
1996,15.958308839624035,513.7477387725689,23829.519127113235,57.339884497027576
1996,15.637170205013225,518.2590144901789,24334.576783420547,58.05920963233496
1996,15.636527349180222,520.8858842966263,48518.532413946654,56.523601211834745
1996,15.918552777587491,526.4394759217424,32356.45227675192,58.908175686798884
1996,16.941645728192757,526.6918975235353,31115.87967178165,61.272357967135555
1996,17.108934634608676,526.0025881169124,21828.59759511947,56.35838424850332
1996,17.317709829970056,524.2451476191038,49506.66746232631,45.21541329317037
1996,17.360486872086973,529.0372362420823,39246.01417810791,54.82310149825282
1996,16.481101264437452,532.1459675547903,21051.000390792746,46.072753995171844
1996,16.547844326712845,533.8347982129694,38456.553509036814,53.836310804898176
1996,16.65795943168336,536.194735465609,31763.754509260758,54.46300758620534
1996,17.969580487926002,535.7437573710123,21278.881182045025,47.1988325614471
1996,17.95340000553544,542.4352613302459,29195.661809100537,54.07796556434317
1996,18.184173676702244,544.4937036941964,29944.982276224026,49.03268279184858
1996,18.246817791849622,546.5124932834062,22718.773664327247,66.48682459667052
1996,17.742478773039856,549.7640265312036,63697.95391099244,70.23971119620099
1996,18.39389018029737,552.526044994677,48454.33712352028,49.76228382334957
1997,18.849856696640757,554.7738130432352,36585.56585390327,71.8062175608849
1997,19.325372670162277,554.9928641323446,29306.693595033285,62.03424561248381
1997,18.95067894276491,557.7358008466166,27959.445076352662,57.24553474365307
1997,19.73207609823296,563.2998498395667,35789.11001471088,52.19302152678637
1997,19.11115056683682,567.7906899318766,31826.112114556887,62.89957969969414
1997,19.484579113736952,572.7770631851554,20964.4479504069,71.2868693314533
1997,20.65980692664194,573.5546318322931,30777.056329010535,69.11733516747572
1997,20.244538764076598,573.3754221917759,44629.69682552198,52.74886566505473
1997,20.041389899275213,574.9238483515766,29221.69242698345,53.47631597926508
1997,20.171215581819034,576.835298176154,20800.32460262674,62.354820582773016
1997,19.99947775476093,580.8236812130958,43146.201602168556,60.02083473472157
1997,19.304146039227867,579.2387519536662,23372.74600528811,58.819134719020724
1997,19.418427526630882,584.0978525925875,24488.646361225554,60.580634145388956
1997,18.96727566976783,585.5818367954295,22699.579151261023,75.4484432146387
1997,19.284071885085417,586.5280746555346,26011.979157075715,79.46064818236538
1997,18.90435976796852,586.3038659050143,41205.07621724774,65.55714264646137
1997,19.75932697047729,584.7941525612828,30990.358002860645,80.01457532561191
1998,19.447700324309167,588.2404937292066,23438.957521806326,64.62103868780693
1998,19.366669566206333,590.1871296635834,51535.13601898232,68.96539529092075
1998,19.853428174891167,589.4072078641013,51751.77576619752,62.50761828045361
1998,19.31799601667419,588.617050319974,50670.202701536546,74.79007383211614
1998,19.511725983976255,589.7454809213939,24092.812496103812,84.74831390848883
1998,20.245297361117466,594.8835239719726,29001.393446484395,74.91250206289833
1998,19.521555743836853,596.1643412692454,82985.23587394928,68.17816657356009
1998,19.693872673103005,594.9580553630092,42176.96558274168,77.02740758677255
1998,19.903814070227217,596.2665692348373,20413.149179553224,62.05326240745311
1998,20.374725506115873,597.521122095342,21011.41381728666,84.9034866069167
1998,19.836250150676833,593.9273488094587,29352.396466565944,73.64186507873532
1998,19.256021844134693,595.6187590764232,55989.77824480521,72.02961365481619
1998,19.59699262694314,596.9568900160058,31605.658790058806,76.95271931501306
1998,19.825484963559735,600.1493027456327,30331.726085733382,78.26410614324774
1998,20.030731388732676,605.6472149355233,21671.914617749066,61.8598808932252
1998,20.283955493481162,609.7003449946188,36040.75914696444,79.83463158799486
1998,20.023943132691915,610.9625676135092,45898.271759453,66.90664727905113
1999,20.220069981272417,610.5495157960258,27180.701929507763,80.9966478119496
1999,20.446606217921758,617.4962354025256,42415.668775075574,85.24499463952272
1999,20.169430508908576,619.4146722705545,70063.47743078147,85.47237311782531
1999,21.182317764480953,621.2425308543804,23417.941146701196,78.0048747894152
1999,21.499234224936846,622.9942806801605,31113.951165532035,78.10124118591857
1999,20.98358247633552,625.1904502016962,25077.01050333581,67.00404252629257
1999,21.391859280652437,626.7017293778483,43615.00164826211,87.1161696333777
1999,20.984518445538775,627.3544053640878,32926.802614094675,70.98011244726274
1999,21.458060747410002,628.0606874816069,35100.71776749914,79.10600493837842
1999,22.117358536913706,629.795180941175,43985.940791766,72.36017148463908
1999,21.78701737773785,630.5083313989074,27561.982938826706,67.51451439430315
1999,22.34870544236001,630.8826398335532,56992.46318919448,83.94283168066059
1999,22.63509590582826,632.895500288937,31422.317561830718,66.51016121672633
1999,23.126125985825503,634.1855458540952,22578.824173839777,89.8853118562122
1999,24.15452247715248,638.9935318312606,37855.93676744582,76.31662040187865
1999,24.111828419151045,635.4915922144746,43644.49768885932,66.32590209211541
1999,23.814960336972298,639.4746059183194,25713.673171935654,83.9297897783047
2000,23.450203122159536,643.7667763033147,49192.47470770043,68.92609866635738
2000,23.122297979676816,641.4199958384984,55489.784690467495,77.08917869483626
2000,23.163747124969767,642.5346206503377,24863.209393556965,92.14668745580362
2000,23.414323112378085,643.5917389183462,81585.45683422608,70.52941218520647
2000,23.632668512043097,642.5767155289104,22274.758855707583,97.28271942784484
2000,24.126260136561108,642.8210821537288,23384.994744720138,68.90891898054308
2000,24.212761082500062,642.3999304627971,23054.247504013576,77.16856653849484
2000,25.01952812107872,647.7044713496443,53663.28671276199,94.54425849779406
2000,24.967199704459745,651.3758281359393,35932.43582802055,79.99283376076585
2000,26.407284287754553,655.7189383259276,22474.964393754555,72.6472043190869
2000,26.800117961637056,658.962282454014,28705.942923348077,82.00478941022351
2000,26.451539183428913,658.5041789115796,34329.29503321943,79.62584522685025
2000,25.99609293439836,659.2551383790201,21307.31038000486,100.46594885490903
2000,26.31732914201995,662.0338875014759,52109.081605134095,81.69154770444952
2000,26.285597749357024,661.389631883692,44414.29826680412,98.60095370885655
2000,26.72259799640307,664.6156287440367,30554.229921227543,103.0294914573465
2000,27.039216808689844,665.9349779477204,71226.37884575131,86.81272237272911
2001,27.082802352361405,666.9853363326213,28113.11340544092,104.18297525349159
2001,26.739405493327205,670.2072562690282,82131.28064676761,85.65100256539525
2001,26.06198188098427,672.8957828920004,36535.69057452033,106.92087136985285
2001,25.918724404950762,673.9738505603622,35104.365642402816,75.72600464774595
2001,26.426923802112498,678.0925101670907,22722.01693559952,97.39041180413606
2001,26.6139706741776,677.7303835118909,52046.87936132084,90.60677799418569
2001,26.071101284821605,680.7622547257794,28365.867970253377,87.22316474359144
2001,26.237691747747196,683.7484572417161,22655.236167240266,96.093527085725
2001,26.510350437611613,684.9293643630881,20190.315036844033,99.265849844045
2001,26.14842171951105,687.3816304075724,32306.381625708134,73.90152926230525
2001,26.30528427248381,686.6794032548019,31242.576719877547,80.38664793783919
2001,26.414388631706814,690.3274572932156,39059.89767120641,101.15184030769859
2001,25.9229034827915,691.7576530203296,53144.35408603142,100.27526921800269
2001,26.181797162965644,692.5122069792916,21241.052002708242,112.06385736475639
2001,26.54218942614976,696.4102254309654,39723.36940640889,104.6176288089222
2001,27.163715047737398,696.8015380498798,23112.964912329036,112.3222441637759
2001,27.77061607375485,695.7846154571528,49297.63778852837,103.48179496423755
2002,27.161781389776305,694.4713571101049,45644.13821916506,88.37487316954264
2002,26.772868869818744,697.4833770127963,31673.837514486506,81.31192255449687
2002,27.110386503423072,696.7225183078037,38580.67914968094,107.64839752726247
2002,27.447279478879178,702.0321066717725,25660.822259170945,102.53352081972969
2002,27.784803322032204,699.6682478560049,29556.264301841926,79.40652616579494
2002,29.79116906735956,704.8611605925851,45859.00858938444,92.37035927651898
2002,30.156614322706144,707.0831955269903,29222.394776361238,115.7583644952606
2002,30.804397142796443,708.6897693032495,26642.791942798343,98.08256960198827
2002,31.361398024543043,709.3999311296316,30224.578311272962,95.60753153398632
2002,31.767093650195942,711.9982033583358,46425.66492901136,97.24605064491018
2002,31.68945902787577,713.7229339534861,26124.217106965007,87.67612540762688
2002,32.148943638122404,717.7295377175191,22863.078784119432,94.75361814807194
2002,31.842531030853618,719.7579930148431,38672.652226029255,94.98550852232697
2002,31.80412172748361,721.8585965377669,46228.621599273465,82.65841608975973
2002,31.64143995356906,722.9313721133392,21591.036141471326,111.62892562981276
2002,31.76237702326222,724.617480865897,24114.06827462203,98.47759981294213
2002,32.99970630659898,727.0330844036812,22296.778010912527,115.05907622510067
2003,32.1460737103031,725.4127476183678,26414.312923340844,116.76950559166475
2003,32.56920380549036,724.5163767741565,28977.130218803184,91.14036478732484
2003,31.842845869895534,727.8029049622019,40724.16041725734,110.04755327109102
2003,31.686879937000818,729.9446358384578,35796.59488303252,102.72387430931474
2003,32.3113552354845,731.3766691657524,34550.459230233966,120.08712767983616
2003,32.42349524503223,733.2135370318831,26516.650571104565,92.75070002183288
2003,31.964622856067578,735.7087004426065,47625.04767551462,112.47422588953825
2003,31.686971001437595,736.4291810819877,29559.64766065889,110.25036903685056
2003,32.10676987590493,736.6725716311832,78023.63624892337,98.0167079131645
2003,31.821586560046367,738.8642621413785,35082.65565514659,91.43860591666794
2003,32.009815854837356,738.7075165861485,22024.66785771538,113.46875705292699
2003,32.112601774789255,741.3240220975774,36913.39916766133,117.59900722664192
2003,31.86680160098635,739.7188548891017,25897.950453794154,100.52344733646297
2003,33.01877364564901,743.577166163753,37391.07296037329,114.98264421797703
2003,33.41573315680802,746.3223611285791,21082.773576043164,104.98132903260657
2003,32.48316186347921,748.6344205972068,22883.422856886824,119.90331012972823
2003,32.65638902086393,752.3998025650978,49041.785765271954,97.39453136770983
2004,32.40549578847973,757.5307514540231,23865.628149601773,128.65594402268223
2004,32.91171245587785,761.3594915840592,47213.861181692475,102.63543641061437
2004,32.595452086661496,759.4777431213961,24912.48709068121,106.51302542951775
2004,32.61808386592804,758.7185891879246,35445.33151625352,92.86069448698387
2004,32.950577505418266,759.2689520325332,37769.93552644458,95.46146066459328
2004,33.46345510250333,761.1211341329549,30781.737219328243,113.83828829968164
2004,32.94330689897544,763.9564521738932,25464.358252834732,102.79068540736333
2004,32.85605628105497,764.3049645475862,23586.128902470286,128.5704274817584
2004,32.69858362547449,766.4784980765404,20506.289288158412,91.6837198538221
2004,32.451919009187634,766.7677322118337,25434.92917851814,108.42752822676445
2004,33.41464612932818,767.3446966058498,35883.496191383296,106.96438259319426
2004,33.697136984808665,766.3313744121533,61783.241688640606,92.35693792292165
2004,33.14669500764114,766.2849079199316,50742.93899144599,97.58538124260946
2004,33.68562598116853,765.3815387086989,41790.66537121067,111.50114185214572
2004,34.82670407967484,765.2297922027442,43299.22015120552,114.9633385315455
2004,35.42293670995042,769.1370757959598,36403.6952588251,111.37114343403049
2004,34.74325172697341,769.0382780182961,24522.392199459053,118.01551808289882
2005,34.58113469054028,776.1030421479708,55658.82638292636,121.0473504681533
2005,35.29459026513359,778.8896779497326,36663.263261301036,94.4759058631226
2005,35.0207555323242,781.0593501971223,32329.737318295705,116.34225787530983
2005,35.32266524639732,781.1426346367599,21764.69296826397,140.14506620433465
2005,35.78998227311199,784.3432543955779,28887.465850759058,119.51223265987471
2005,35.40651703732294,784.9919787431024,29252.747372044934,127.64033429072113
2005,35.45675435929204,787.0359983723931,49988.797877854464,110.59916969629678
2005,33.916120689257504,793.9561674489307,31866.303484786462,133.3304500110968
2005,33.48392686859036,795.5640476494814,27180.23084671368,133.41633877111775
2005,33.43764279289378,799.6625943020529,76454.25740528508,121.76428154046927
2005,32.89375120191136,800.056241451801,21760.15699440138,143.6958620649757
2005,33.78995685387717,801.786264470807,28236.960479770023,102.94322065541448
2005,33.15488616489685,807.1278657420781,20643.99887460322,97.78739038614175
2005,33.01486392154836,807.6739316265026,40200.57424494719,134.50391274917806
2005,33.160234210191405,813.0988287424965,57529.55046745817,137.16583652824983
2005,33.96087085472446,816.3143326134075,24928.33872371029,104.21642097440024
2005,33.32293977913474,816.9893990616189,49315.05943269245,111.8902961928752
2006,33.98452165521223,820.0542145397299,25184.29201877449,99.6991727123581
2006,34.06963818572202,823.7993234389834,56248.096769209566,113.6057715102765
2006,33.658883860198046,826.8429433634178,41034.033374182545,138.22311396385976
2006,33.96993559732968,825.5024939236368,44514.16650764657,125.94967516835902
2006,34.14946544511642,825.8482195719871,20272.559696212465,118.48216033775489
2006,33.92935700653702,827.153182300884,69375.87458654595,120.166613876579
2006,34.044258049032024,828.804315442684,39456.185782470246,101.76698207448312
2006,33.93160125060115,831.8456596377854,25452.280420965846,117.2253905272389
2006,34.06835992322677,834.0010616396519,46526.03557407361,135.36108934761828
2006,34.4794252604873,833.1303729222317,24959.286164109788,152.5455713441529
2006,35.35243366855997,835.6907686242437,50924.47696121625,146.72237811905353
2006,34.81352591914654,838.7119401148113,21791.560137216413,104.84141822965402
2006,35.96004260647468,841.6315210106734,38245.0325006628,150.36332083423432
2006,35.06399870671343,845.5930824617826,31670.72556450883,144.37958916874447
2006,35.06810615919564,849.0609267708803,21522.759822897642,144.0654008916795
2006,35.44226476243793,851.7792869293372,24153.97752332452,127.90435389957902
2006,35.66276069630544,853.4389555064199,20187.22412712542,124.8488632665288
2007,35.43141093639514,851.9170336393879,29488.34564990423,119.6716707095727
2007,35.407349811216505,854.5762700776531,25377.261422557916,107.77125410633226
2007,35.24084934388709,856.7916454519793,33682.89275623358,117.27441971768071
2007,35.02616696541499,859.1348031263701,25291.05079917855,118.5989814783436
2007,35.530968013925495,858.3813059747295,25348.39093437011,131.78268349592764
2007,35.78947575690802,858.019192893913,40391.468342405395,146.22114433407904
2007,35.52302095927769,861.9254986005787,20740.10439859933,132.02455111960182
2007,36.05282089699432,863.6463882928655,54979.43543286768,110.38114246819362
2007,36.286470657432616,866.8093896876107,48684.91297421114,159.02371446217617
2007,36.772901716852104,868.6660264398716,36530.48269270118,158.77898758733193
2007,37.16771613781391,870.5255387188631,33492.2996011451,150.83211777053654
2007,36.83321863235287,874.2021063308151,53426.43335664584,162.23434889975863
2007,36.63312811225438,874.9700168743803,23074.58564125983,138.7097525369501
2007,37.08677491481602,876.9622584282623,21233.926404861537,161.92400973363152
2007,37.47196004753275,877.8377078508522,24106.888100514785,113.58178534185048
2007,37.541509250550675,878.7687153959876,43740.35353794101,129.9861960105084
2007,37.68017294220506,879.9503711490503,20529.283152429896,122.39334065819448
2008,38.399005390099276,882.1946386923177,33113.089088293505,121.12698448123955
2008,38.18321969568136,883.0371414489907,100848.32163290125,118.43158697161498
2008,38.53676838626638,887.3486537001378,49037.50615753654,145.83612944072684
2008,38.51567206004943,887.3594390956988,31054.783580132265,155.27668597655327
2008,38.48683145843582,888.7856958073761,20986.34348228797,144.3470003622245
2008,39.11621988442942,889.7062336908277,46701.03731490109,120.75271009960603
2008,39.60892805892344,894.4001894595352,33706.103863155586,159.0262019625353
2008,40.09568287692375,896.5932990125584,21831.378909542258,149.71502638966635
2008,40.82842228050092,900.4569880914956,21478.37694611692,136.02636141351442
2008,40.918924201317296,899.2858673454217,56057.115961765085,152.32137680372935
2008,41.33990068696478,901.6199678771602,36593.63166032077,128.79938934127446
2008,41.264767308668056,905.1992294684071,46516.554792836076,133.94952146128955
2008,41.50685048491228,907.1637974469579,51676.85556132412,166.89042496953522
2008,41.52177895772843,911.0947581970886,32721.5050559738,131.33998266031494
2008,41.65027694022479,911.8601812968878,30929.94764467368,142.04376300134967
2008,42.02785545294325,916.478876177259,28443.035631418614,166.85198837750426
2008,41.69874511132652,922.8766724244975,25717.733301700748,156.73096121617388
2009,42.82493874916924,923.9509953036182,28553.220348247007,119.81679755638092
2009,42.401930058419396,924.8599902608167,42300.31887000089,125.12139414697558
2009,41.874835752025525,929.5667592150521,33816.66361725665,116.84038595641312
2009,42.533891188775556,934.5259035065135,53457.216584440044,153.2230793899049
2009,43.00972253575703,935.280183452207,28788.08785882916,142.9001266255253
2009,43.40178244428311,936.2398098180153,34012.60443147933,124.63494923646147
2009,43.79595519891525,937.4762406002942,34966.886895363896,173.4202795748433
2009,43.86983181249179,936.5873395782256,33436.19195989269,149.1804626579199
2009,43.50120462674887,936.5500356852572,38191.86218829467,132.89672798679865
2009,43.61910690584574,936.341754151753,24065.98279574919,148.56880913692967
2009,43.36052605008968,936.6061590215447,30772.783953536207,160.11285300934932
2009,43.92808591679856,938.3367892467712,21650.986902174962,124.4288229387111
2009,43.93455722604749,940.6052187118443,27280.081062485893,136.59472787615775
2009,43.60180862765123,945.5062196974724,30031.709130031297,168.79925071107542
2009,43.52111570682473,945.3095116159948,35842.961463789325,148.21830280382488
2009,43.80758143396255,949.0781564129479,65096.15196847914,153.74442702006766
2009,43.60571915756056,950.4501787244969,33768.7958649965,147.31533058383724
2010,43.274608959777346,952.1512513051921,40414.892395348885,124.13154050616888
2010,43.4764525655233,955.3008902895253,30586.37733283516,131.87912042320704
2010,43.67893585107767,954.8554462464008,35081.093370761024,149.43601419319793
2010,43.5054642633921,957.4202657387689,21103.60367744195,135.66246767071235
2010,43.34994511058294,959.553170155195,24403.320858277086,126.44744524620906
2010,43.54597007926175,962.3380726832113,26737.801410642358,175.3511650898264
2010,42.90192790851309,964.7164099710269,29593.90724850813,183.3959684915216
2010,42.27819602132482,971.4270102508486,20700.852260035117,172.5876605379416
2010,41.998973910698595,971.951530282346,22262.76365806996,176.3232310709995
2010,41.97225033484267,972.6895363723423,24861.33881155012,138.82047618254975
2010,42.20770411764167,973.2432553194928,73384.98348847387,183.3763819661839
2010,43.02538222611645,973.9323010811723,26037.35072966168,135.95042710955673
2010,43.53421203771746,974.4575268265593,29867.889539431264,183.30474262623915
2010,43.534242772735745,978.6355598887744,23274.163256684646,186.75153255785267
2010,43.6047346687844,983.2765683847541,34154.16087709874,169.34442115736607
2010,43.1834699864655,983.9350757972552,24941.80141867118,185.71956356445568
2010,43.2542134184693,984.0703646510467,23478.84047823875,160.32011782617278
2011,43.189884099009234,986.8131957638195,30902.81283986631,141.44631729970715
2011,43.43124337917828,987.5087496752576,20082.815179059646,152.51229288419756
2011,43.097627907402114,990.5746133107687,20115.403284056003,162.78249709056416
2011,43.4373011645227,992.7804593524712,23709.02355301146,130.44296625248666
2011,44.28367062102399,991.5489711224767,20561.188487572937,165.60561811269977
2011,44.309290546795566,996.4439815251368,21714.770287441494,188.78642369453672
2011,44.59014640784503,1001.8357368713279,26206.85965107546,138.78570070281606
2011,45.01521840370059,1002.4101594903591,44336.75914138469,177.81274051417566
2011,44.89460816775767,1003.4347563704871,32731.186138869693,185.56440987358326
2011,45.08665440866288,1005.806487151937,30782.136514820937,188.31047377529217
2011,45.17295060905378,1008.275400731911,25211.24385554971,189.50387773911368
2011,45.30178865832819,1011.3924892772566,60269.48515379324,161.6897430814703
2011,44.99528376640046,1017.2128983547892,27587.945398620024,191.08146977496327
2011,45.087538853529935,1018.6590038998011,21366.815151748633,177.34612205147656
2011,45.41653799915265,1018.8624094107241,34398.40964314931,139.82540120664567
2011,46.222109803050174,1017.9037709546951,21812.839173059943,160.20416662486465
2011,46.78174521609278,1018.2419108748113,26351.911661348982,175.7283489906372
2012,47.93833644484856,1019.9756569290637,30621.230445796195,146.0371486700626
2012,47.634662663404534,1025.3647726560994,51098.61503448375,171.94918940537238
2012,48.150822981764875,1026.1295500580268,30204.843869839293,173.85383447175258
2012,48.32249398463405,1028.3771259613047,38172.95768138765,141.6170280763126
2012,49.49739545124289,1030.1442801691592,94040.23612967166,168.189875781243
2012,49.17324630856531,1034.3210667160554,22114.627488739723,182.7833679288059
2012,48.83338538747492,1041.1749315678026,24818.200745703525,165.40038746297697
2012,48.61368906475291,1041.913194021962,27527.395472547123,133.3840132906427
2012,47.63174120259801,1042.7343151369255,28218.26278282196,134.02239518693978
2012,47.44886369175763,1046.6226368910638,27940.47316109424,157.44257141714502
2012,47.14929736098078,1049.7864198703164,55726.21074067872,196.1898602572472
2012,47.30449425421889,1055.2798345217884,38778.16424254138,149.86068731921975
2012,47.55537224210747,1058.2476908924405,34043.77501447629,177.97289646228617
2012,48.57345766171541,1059.3291067108662,25552.324847440985,150.89137698244159
2012,49.128669580808435,1062.310416372251,46041.21490816567,158.0347581358206
2012,48.92021775297723,1066.3278235334167,66536.57590697234,194.06280298412707
2012,48.551010417303054,1069.7687878958113,45822.167162975995,186.529192077776
2013,48.87697000305631,1072.583335958026,20023.494968720624,143.39423442676468
2013,48.29685339954599,1076.5166853372043,35175.570276006816,167.17848784829098
2013,49.29258278247316,1080.6552765180957,20787.337212425668,140.0347984792069
2013,49.96230284283381,1085.2195945001708,24468.152348337135,171.49660498001256
2013,49.80771501678146,1088.3170142753502,20920.548403729495,184.5311892621667
2013,49.031147752236016,1089.7827781147164,33887.370021931885,146.82822979975737
2013,49.788083939318724,1091.876205487583,37403.64148167141,158.73636296338367
2013,49.81081401669242,1096.0892234205999,21823.832921852194,167.0213282221486
2013,50.50972217267915,1096.2553520786253,27263.70194224041,203.59694170394908
2013,49.792508343281966,1098.7926986963712,29138.61328656184,208.84105142739125
2013,49.57282083180508,1099.8060210717163,26908.00172178109,143.13346256538333
2013,49.65544268166418,1101.6635107175862,21934.982354961758,194.09121934101074
2013,49.75893297854655,1106.0204144428008,28143.719962758212,167.30973596480518
2013,49.61390024280693,1108.2026125788404,40865.265345921114,169.44114711800842
2013,50.00532520898068,1110.0954856751528,21104.821857608542,195.25595414190312
2013,49.551514994289384,1109.175773393193,21253.659433471395,206.86273838843238
2013,49.560325251778735,1112.4682805252473,26572.256581046455,210.17033168111715
2014,49.70047306763468,1115.5592488875295,62638.91458291761,183.85975876417083
2014,50.037692484664056,1121.6857583341405,36565.199582613765,168.47037838793915
2014,50.4734999237085,1122.8702018642343,37029.29767549524,200.12462422809443
2014,49.991178877789565,1125.1085025195623,26739.373959347082,162.11502744569836
2014,49.30412179242175,1127.4072698869838,33508.50467860169,185.21275184083385
2014,50.02296020337101,1132.3621764465108,20152.742806288144,171.35916274071704
2014,50.2691172093608,1133.971585381737,35162.979648890636,193.23366136919188
2014,49.97487394108252,1136.3296284332775,56677.26289309719,163.56636274910935
2014,50.830449928843784,1139.3454214527105,34223.43565839265,160.36880035464745
2014,50.96828724599021,1141.5186396990234,51036.26169856315,214.10177193018356
2014,51.63793583802212,1142.4257724699223,39308.85189360741,154.92433800682483
2014,51.75169507872718,1144.6139524557188,21927.022055389956,185.26828769591918
2014,52.862069041168176,1148.5612159554385,54911.36173972661,164.68893864236634
2014,53.81973946238978,1148.3081853566164,21031.312426852055,151.78696171986485
2014,53.77525738815024,1150.3741247049102,31452.497688392705,151.80684014762562
2014,54.341042863627415,1150.7738830750318,22299.665153112735,162.31487912331738
2014,54.743730838419985,1154.9639763328814,20176.63508921723,214.0174363447463
2015,55.50804661718616,1153.7176025233139,28223.610284656064,170.22402857664773
2015,55.10558488689611,1154.3997588287707,25244.228287855665,221.2411458041004
2015,55.52861061689533,1156.9541825788997,29982.994613347386,193.65508340593834
2015,56.13782286032012,1161.8852306373683,32912.83635638611,183.10276406937467
2015,55.338453117108564,1163.5537301152222,20670.86699383869,194.21147578400837
2015,54.826823860775676,1164.2433310618358,21968.78065827022,189.935385187654
2015,53.887207771895625,1169.8056452007172,32268.497595923698,208.91647370350952
2015,53.83250435467335,1168.7096173998846,26304.89024286587,173.4496335059142
2015,54.271275482571326,1166.1120054866444,39594.152578421876,179.02298873730808
2015,55.10245400861934,1168.792034386751,35845.868318775654,220.5912948913984
2015,55.21950139882923,1169.5879259380458,48023.553492460516,225.153750777726
2015,56.113809171614875,1169.3454603037844,37688.85296154046,221.4115951128344
2015,55.50375844250743,1172.562173198383,28429.970129060093,186.05103197158115
2015,54.732067222829855,1174.8497746259254,36765.395616584225,214.4135835964073
2015,54.784293373381544,1175.5216173644521,24831.64279970194,191.58229506603968
2015,55.0563260978512,1174.7610085671104,25486.027218214917,193.82103175855065
2015,55.11997872380415,1178.3059232236706,43337.40223775476,171.75692066312223
2016,54.166257673784216,1181.406325579588,28870.221933735127,202.33442075564977
2016,54.201697654027825,1183.0079738520292,44020.5834540402,170.71906871541282
2016,53.6294629037754,1188.5012478441245,45925.21151332809,182.56072919101558
2016,54.044299178190414,1188.161078311472,49232.762483869185,223.78154900637023
2016,54.30759830123884,1186.9100279696227,57267.94326489766,173.20704044473163
2016,53.91765840807516,1187.3262118298603,28457.73306049714,163.0176157074279
2016,53.74072494940682,1189.0350397971492,25759.96136214721,163.48682133782532
2016,53.29111818846234,1191.3217186957945,33091.24144775125,232.85007137716937
2016,53.33977863982575,1192.6392465800818,26958.47274458885,198.990910934328
2016,53.89734980007637,1195.1433573731106,33784.69641612895,192.1286912536214
2016,53.4844867769086,1194.4402785247298,38341.51808554192,224.67294063982158
2016,53.816510034667516,1199.1278077328761,37490.7660601113,228.00605949179487
2016,53.6313812254813,1200.763505376091,27039.327563611696,188.04422540600694
2016,53.31494480935012,1204.7980970392673,22738.307387072244,217.04787426761828
2016,53.34142962937285,1207.2835477320227,28445.720203967918,223.9869882878524
2016,52.90380846816316,1209.9970541703303,22307.65842479151,215.11883187850867
2016,52.70698381548957,1212.9365887307947,53122.361608056,175.0311276950743
2017,52.188044869195146,1215.6320058508295,26366.9086426091,234.64403645865806
2017,53.250407435653344,1218.7174513705645,22516.692552877998,207.52944286723195
2017,53.34803921163921,1223.1757564308293,20386.65731595015,186.58464644734778
2017,53.07817645764292,1225.3687987702324,35569.35137030911,198.581667287373
2017,53.26516641301003,1228.5868062854092,35196.2507449523,166.95771948234133
2017,53.28900238816461,1230.207334896835,26246.469006661122,174.54873760716873
2017,53.258517588398,1234.887569327734,21116.19694664412,227.49538748619557
2017,53.64560093841971,1235.3347847236155,27905.059221676194,165.24283165731515
2017,54.10435479344336,1240.736665589437,25592.44588292425,200.1600292014144
2017,53.9191042196381,1242.4563496881483,36957.14784738052,208.97682573958568
2017,53.71119509931576,1241.3947994839123,33962.66369008753,170.65411767709833
2017,53.65366925073994,1243.4510083137338,26802.360298383377,247.84096259632076
2017,52.58270866837215,1243.888904998784,23686.447238363726,185.76696208258457
2017,51.90511313727287,1247.3701920967615,86387.75464046795,192.61368975983572
2017,52.668550270995134,1247.8649441381567,29077.089086979406,192.9649644416688
2017,53.571034127745776,1248.7725772717272,37484.47157778987,186.95365104643227
2017,53.52651610796759,1246.7934958098363,22271.991231420237,168.23958698741495
2018,53.89479458949547,1247.6888831713381,29971.01123403381,229.8199382785934
2018,54.13041966676724,1244.6411245180802,20418.84443634388,250.4423479674469
2018,55.749860070994856,1243.2733188711086,30561.760542060532,187.87980111641193
2018,56.389647526712146,1246.5941481833972,69870.79982768223,225.22638109811066
2018,56.40568873097176,1249.9657485006987,27272.65917192113,232.57140876359182
2018,56.00791851067155,1252.6166636242688,20596.65081162175,241.93565871109092
2018,55.28469535054276,1252.4827113380102,20471.675670887547,206.6596408484122
2018,55.46642716847637,1254.1872886257263,27365.020439451222,196.70694242254814
2018,55.16825179583422,1255.9800835475453,22615.746107766965,199.05194559218228
2018,54.53712494103539,1255.46335416916,20354.43615621801,232.94577258644694
2018,54.29383849891413,1260.2701507726943,41171.94356214366,241.86158775142184
2018,53.83306449710693,1263.8248753538458,29201.820566807233,187.21145816375284
2018,54.75663531464321,1265.1829470061864,25121.407592440035,203.40351480540937
2018,55.27745519311794,1267.0367186841754,54551.25903982315,249.86202763504502
2018,55.35346887245963,1269.2534843000706,21851.83135246798,241.9243287582849
2018,56.173440941904644,1266.9700145632219,66825.83822211462,258.67521936779804
2018,56.29212509572845,1268.2756597981806,25652.437032357895,238.94416376839976
2019,55.94148299506432,1268.711691302185,52893.00703352162,208.05700139388847
2019,56.783045033699146,1268.5084512823953,33855.126810271584,226.11596212735327
2019,57.13250005554148,1269.7462506966235,46291.60327064576,233.32490570713836
2019,56.69387697837825,1275.1416237503224,82039.84394000424,183.0913331202583
2019,56.678707639336444,1278.2233094728565,25103.704473479174,224.92101494015552
2019,56.320898512644064,1278.880951493291,68715.10498939482,240.2570672367996
2019,55.709498647161894,1281.826117056003,27401.70994537433,192.6945254103306
